bond_pair,reaction,mol_name,mol_cas,mol_url,Hf_mol_kJ_mol,Hf_mol_ref,radA_name,radA_cas,radA_url,Hf_radA_kJ_mol,Hf_radA_ref,radB_name,radB_cas,radB_url,Hf_radB_kJ_mol,Hf_radB_ref,BDE_kJ_mol,status,notes
H-H,H2 → 2 H•,Hydrogen,1333-74-0,https://webbook.nist.gov/cgi/cbook.cgi?ID=C1333740&Mask=1,0.0,definição IUPAC/CODATA — elemento no estado padrão,Hydrogen atom,12385-13-6,https://webbook.nist.gov/cgi/cbook.cgi?ID=C12385136&Mask=1,217.998,"Cox, Wagman, et al., 1984",Hydrogen atom,12385-13-6,https://webbook.nist.gov/cgi/cbook.cgi?ID=C12385136&Mask=1,217.998,"Cox, Wagman, et al., 1984",436.0,ok,
C-H,CH4 → CH3• + H•,Methane,74-82-8,https://webbook.nist.gov/cgi/cbook.cgi?ID=C74828&Mask=1,-74.87,"Chase, 1998",Methyl radical,2229-07-4,https://webbook.nist.gov/cgi/cbook.cgi?ID=C2229074&Mask=1,145.69,"Chase, 1998",Hydrogen atom,12385-13-6,https://webbook.nist.gov/cgi/cbook.cgi?ID=C12385136&Mask=1,217.998,"Cox, Wagman, et al., 1984",438.56,ok,
N-H,NH3 → NH2• + H•,Ammonia,7664-41-7,https://webbook.nist.gov/cgi/cbook.cgi?ID=C7664417&Mask=1,-45.94,"Cox, Wagman, et al., 1984",Amino radical,13770-40-6,https://webbook.nist.gov/cgi/cbook.cgi?ID=C13770406&Mask=1,190.37,"Chase, 1998",Hydrogen atom,12385-13-6,https://webbook.nist.gov/cgi/cbook.cgi?ID=C12385136&Mask=1,217.998,"Cox, Wagman, et al., 1984",454.31,ok,
O-H,H2O → OH• + H•,Water,7732-18-5,https://webbook.nist.gov/cgi/cbook.cgi?ID=C7732185&Mask=1,-241.826,"Cox, Wagman, et al., 1984",Hydroxyl radical,3352-57-6,https://webbook.nist.gov/cgi/cbook.cgi?ID=C3352576&Mask=1,38.99,"Chase, 1998",Hydrogen atom,12385-13-6,https://webbook.nist.gov/cgi/cbook.cgi?ID=C12385136&Mask=1,217.998,"Cox, Wagman, et al., 1984",498.81,ok,
S-H,H2S → SH• + H•,Hydrogen sulfide,7783-06-4,https://webbook.nist.gov/cgi/cbook.cgi?ID=C7783064&Mask=1,-20.6,"Cox, Wagman, et al., 1984",Mercapto radical,13940-21-1,https://webbook.nist.gov/cgi/cbook.cgi?ID=C13940211&Mask=1,139.33,"Chase, 1998",Hydrogen atom,12385-13-6,https://webbook.nist.gov/cgi/cbook.cgi?ID=C12385136&Mask=1,217.998,"Cox, Wagman, et al., 1984",377.93,ok,
F-H,HF → F• + H•,Hydrogen fluoride,7664-39-3,https://webbook.nist.gov/cgi/cbook.cgi?ID=C7664393&Mask=1,-273.3,"Cox, Wagman, et al., 1984",Fluorine atom,14762-94-8,https://webbook.nist.gov/cgi/cbook.cgi?ID=C14762948&Mask=1,79.38,"Cox, Wagman, et al., 1984",Hydrogen atom,12385-13-6,https://webbook.nist.gov/cgi/cbook.cgi?ID=C12385136&Mask=1,217.998,"Cox, Wagman, et al., 1984",570.68,ok,
Cl-H,HCl → Cl• + H•,Hydrogen chloride,7647-01-0,https://webbook.nist.gov/cgi/cbook.cgi?ID=C7647010&Mask=1,-92.31,"Cox, Wagman, et al., 1984",Chlorine atom,22537-15-1,https://webbook.nist.gov/cgi/cbook.cgi?ID=C22537151&Mask=1,121.301,"Cox, Wagman, et al., 1984",Hydrogen atom,12385-13-6,https://webbook.nist.gov/cgi/cbook.cgi?ID=C12385136&Mask=1,217.998,"Cox, Wagman, et al., 1984",431.61,ok,
Br-H,HBr → Br• + H•,Hydrogen bromide,10035-10-6,https://webbook.nist.gov/cgi/cbook.cgi?ID=C10035106&Mask=1,-36.29,"Cox, Wagman, et al., 1984",Bromine atom,10097-32-2,https://webbook.nist.gov/cgi/cbook.cgi?ID=C10097322&Mask=1,111.87,"Cox, Wagman, et al., 1984",Hydrogen atom,12385-13-6,https://webbook.nist.gov/cgi/cbook.cgi?ID=C12385136&Mask=1,217.998,"Cox, Wagman, et al., 1984",366.16,ok,
I-H,HI → I• + H•,Hydrogen iodide,10034-85-2,https://webbook.nist.gov/cgi/cbook.cgi?ID=C10034852&Mask=1,26.5,"Cox, Wagman, et al., 1984",Iodine atom,14362-44-8,https://webbook.nist.gov/cgi/cbook.cgi?ID=C14362448&Mask=1,106.76,"Cox, Wagman, et al., 1984",Hydrogen atom,12385-13-6,https://webbook.nist.gov/cgi/cbook.cgi?ID=C12385136&Mask=1,217.998,"Cox, Wagman, et al., 1984",298.26,ok,
P-H,PH3 → PH2• + H•,Phosphine,7803-51-2,https://webbook.nist.gov/cgi/cbook.cgi?ID=C7803512&Mask=1,5.47,"Chase, 1998",Phosphino radical,13765-44-1,https://webbook.nist.gov/cgi/cbook.cgi?ID=C13765441&Mask=1,,,Hydrogen atom,12385-13-6,https://webbook.nist.gov/cgi/cbook.cgi?ID=C12385136&Mask=1,217.998,"Cox, Wagman, et al., 1984",,unavailable_all,Sem dados (NIST WebBook + CCCBDB): ΔfH°(Phosphino radical)
Si-H,SiH4 → SiH3• + H•,Silane,7803-62-5,https://webbook.nist.gov/cgi/cbook.cgi?ID=C7803625&Mask=1,34.31,"Chase, 1998",Silyl radical,13765-44-1,https://webbook.nist.gov/cgi/cbook.cgi?ID=C13765441&Mask=1,,,Hydrogen atom,12385-13-6,https://webbook.nist.gov/cgi/cbook.cgi?ID=C12385136&Mask=1,217.998,"Cox, Wagman, et al., 1984",,unavailable_all,Sem dados (NIST WebBook + CCCBDB): ΔfH°(Silyl radical)
B-H,BH3 → BH2• + H•,Borane,19287-45-7,https://webbook.nist.gov/cgi/cbook.cgi?ID=C19287457&Mask=1,41.0,"Chase, 1998",BH2 radical,16949-14-3,https://webbook.nist.gov/cgi/cbook.cgi?ID=C16949143&Mask=1,,,Hydrogen atom,12385-13-6,https://webbook.nist.gov/cgi/cbook.cgi?ID=C12385136&Mask=1,217.998,"Cox, Wagman, et al., 1984",,unavailable_all,Sem dados (NIST WebBook + CCCBDB): ΔfH°(BH2 radical)
Se-H,H2Se → HSe• + H•,Hydrogen selenide,7783-07-5,https://webbook.nist.gov/cgi/cbook.cgi?ID=C7783075&Mask=1,,,Hydroseleno radical,31648-07-4,https://webbook.nist.gov/cgi/cbook.cgi?ID=C31648074&Mask=1,,,Hydrogen atom,12385-13-6,https://webbook.nist.gov/cgi/cbook.cgi?ID=C12385136&Mask=1,217.998,"Cox, Wagman, et al., 1984",,unavailable_all,"Sem dados (NIST WebBook + CCCBDB): ΔfH°(Hydrogen selenide), ΔfH°(Hydroseleno radical)"
Te-H,H2Te → HTe• + H•,Hydrogen telluride,7783-09-7,https://webbook.nist.gov/cgi/cbook.cgi?ID=C7783097&Mask=1,,,Tellanyl radical,162949-53-3,https://webbook.nist.gov/cgi/cbook.cgi?ID=C162949533&Mask=1,,,Hydrogen atom,12385-13-6,https://webbook.nist.gov/cgi/cbook.cgi?ID=C12385136&Mask=1,217.998,"Cox, Wagman, et al., 1984",,unavailable_all,"Sem dados (NIST WebBook + CCCBDB): ΔfH°(Hydrogen telluride), ΔfH°(Tellanyl radical)"
C-C,C2H6 → 2 CH3•,Ethane,74-84-0,https://webbook.nist.gov/cgi/cbook.cgi?ID=C74840&Mask=1,-84.0,"Manion, 2002",Methyl radical,2229-07-4,https://webbook.nist.gov/cgi/cbook.cgi?ID=C2229074&Mask=1,145.69,"Chase, 1998",Methyl radical,2229-07-4,https://webbook.nist.gov/cgi/cbook.cgi?ID=C2229074&Mask=1,145.69,"Chase, 1998",375.38,ok,
C=C,C2H4 → C2H3• + H•,Ethene,74-85-1,https://webbook.nist.gov/cgi/cbook.cgi?ID=C74851&Mask=1,52.47,"Chase, 1998",Vinyl radical,2669-89-8,https://webbook.nist.gov/cgi/cbook.cgi?ID=C2669898&Mask=1,299.0,"Tsang, 1996",Hydrogen atom,12385-13-6,https://webbook.nist.gov/cgi/cbook.cgi?ID=C12385136&Mask=1,217.998,"Cox, Wagman, et al., 1984",464.53,ok,
C#C,C2H2 → C2H• + H•,Ethyne,74-86-2,https://webbook.nist.gov/cgi/cbook.cgi?ID=C74862&Mask=1,226.73,"Chase, 1998",Ethynyl radical,2122-48-7,https://webbook.nist.gov/cgi/cbook.cgi?ID=C2122487&Mask=1,476.98,"Chase, 1998",Hydrogen atom,12385-13-6,https://webbook.nist.gov/cgi/cbook.cgi?ID=C12385136&Mask=1,217.998,"Cox, Wagman, et al., 1984",468.25,ok,
C-C-pri,CH3CH2CH3 → C2H5• + CH3•,Propane,74-98-6,https://webbook.nist.gov/cgi/cbook.cgi?ID=C74986&Mask=1,-104.7,"Pittam and Pilcher, 1972",Ethyl radical,2025-56-1,https://webbook.nist.gov/cgi/cbook.cgi?ID=C2025561&Mask=1,119.0,"Tsang, 1996",Methyl radical,2229-07-4,https://webbook.nist.gov/cgi/cbook.cgi?ID=C2229074&Mask=1,145.69,"Chase, 1998",369.39,ok,
C-C-sec,n-C4H10 → n-C3H7• + CH3•,n-Butane,106-97-8,https://webbook.nist.gov/cgi/cbook.cgi?ID=C106978&Mask=1,-125.6,"Pittam and Pilcher, 1972",1-Propyl radical,2143-61-5,https://webbook.nist.gov/cgi/cbook.cgi?ID=C2143615&Mask=1,100.0,"Tsang, 1996",Methyl radical,2229-07-4,https://webbook.nist.gov/cgi/cbook.cgi?ID=C2229074&Mask=1,145.69,"Chase, 1998",371.29,ok,
C-C-iso,i-C4H10 → i-C3H7• + CH3•,Isobutane,75-28-5,https://webbook.nist.gov/cgi/cbook.cgi?ID=C75285&Mask=1,-134.2,"Pittam and Pilcher, 1972",Isopropyl radical,2025-43-6,https://webbook.nist.gov/cgi/cbook.cgi?ID=C2025436&Mask=1,,,Methyl radical,2229-07-4,https://webbook.nist.gov/cgi/cbook.cgi?ID=C2229074&Mask=1,145.69,"Chase, 1998",,unavailable_all,Sem dados (NIST WebBook + CCCBDB): ΔfH°(Isopropyl radical)
C-C-neo,neo-C5H12 → t-C4H9• + CH3•,Neopentane,463-82-1,https://webbook.nist.gov/cgi/cbook.cgi?ID=C463821&Mask=1,-167.9,"Good, 1970",tert-Butyl radical,1605-73-8,https://webbook.nist.gov/cgi/cbook.cgi?ID=C1605738&Mask=1,48.0,"Tsang, 1996",Methyl radical,2229-07-4,https://webbook.nist.gov/cgi/cbook.cgi?ID=C2229074&Mask=1,145.69,"Chase, 1998",361.59,ok,
C-F,CH3F → CH3• + F•,Fluoromethane,593-53-3,https://webbook.nist.gov/cgi/cbook.cgi?ID=C593533&Mask=1,-234.3,"Chase, 1998",Methyl radical,2229-07-4,https://webbook.nist.gov/cgi/cbook.cgi?ID=C2229074&Mask=1,145.69,"Chase, 1998",Fluorine atom,14762-94-8,https://webbook.nist.gov/cgi/cbook.cgi?ID=C14762948&Mask=1,79.38,"Cox, Wagman, et al., 1984",459.37,ok,
C-Cl,CH3Cl → CH3• + Cl•,Chloromethane,74-87-3,https://webbook.nist.gov/cgi/cbook.cgi?ID=C74873&Mask=1,-83.68,"Chase, 1998",Methyl radical,2229-07-4,https://webbook.nist.gov/cgi/cbook.cgi?ID=C2229074&Mask=1,145.69,"Chase, 1998",Chlorine atom,22537-15-1,https://webbook.nist.gov/cgi/cbook.cgi?ID=C22537151&Mask=1,121.301,"Cox, Wagman, et al., 1984",350.67,ok,
C-Br,CH3Br → CH3• + Br•,Bromomethane,74-83-9,https://webbook.nist.gov/cgi/cbook.cgi?ID=C74839&Mask=1,-34.3,"Ferguson, Okafo, et al., 1973",Methyl radical,2229-07-4,https://webbook.nist.gov/cgi/cbook.cgi?ID=C2229074&Mask=1,145.69,"Chase, 1998",Bromine atom,10097-32-2,https://webbook.nist.gov/cgi/cbook.cgi?ID=C10097322&Mask=1,111.87,"Cox, Wagman, et al., 1984",291.86,ok,
C-I,CH3I → CH3• + I•,Iodomethane,74-88-4,https://webbook.nist.gov/cgi/cbook.cgi?ID=C74884&Mask=1,14.3,"Golden, Walsh, et al., 1965",Methyl radical,2229-07-4,https://webbook.nist.gov/cgi/cbook.cgi?ID=C2229074&Mask=1,145.69,"Chase, 1998",Iodine atom,14362-44-8,https://webbook.nist.gov/cgi/cbook.cgi?ID=C14362448&Mask=1,106.76,"Cox, Wagman, et al., 1984",238.15,ok,
CF3-F,CF4 → CF3• + F•,Tetrafluoromethane,75-73-0,https://webbook.nist.gov/cgi/cbook.cgi?ID=C75730&Mask=1,-930.0,N/A,Trifluoromethyl radical,2264-21-3,https://webbook.nist.gov/cgi/cbook.cgi?ID=C2264213&Mask=1,-470.28,"Chase, 1998",Fluorine atom,14762-94-8,https://webbook.nist.gov/cgi/cbook.cgi?ID=C14762948&Mask=1,79.38,"Cox, Wagman, et al., 1984",539.1,ok,
CF3-Cl,CF3Cl → CF3• + Cl•,Chlorotrifluoromethane,75-72-9,https://webbook.nist.gov/cgi/cbook.cgi?ID=C75729&Mask=1,-710.0,N/A,Trifluoromethyl radical,2264-21-3,https://webbook.nist.gov/cgi/cbook.cgi?ID=C2264213&Mask=1,-470.28,"Chase, 1998",Chlorine atom,22537-15-1,https://webbook.nist.gov/cgi/cbook.cgi?ID=C22537151&Mask=1,121.301,"Cox, Wagman, et al., 1984",361.02,ok,
CF3-Br,CF3Br → CF3• + Br•,Bromotrifluoromethane,75-63-8,https://webbook.nist.gov/cgi/cbook.cgi?ID=C75638&Mask=1,-648.94,"Chase, 1998",Trifluoromethyl radical,2264-21-3,https://webbook.nist.gov/cgi/cbook.cgi?ID=C2264213&Mask=1,-470.28,"Chase, 1998",Bromine atom,10097-32-2,https://webbook.nist.gov/cgi/cbook.cgi?ID=C10097322&Mask=1,111.87,"Cox, Wagman, et al., 1984",290.53,ok,
CF3-I,CF3I → CF3• + I•,Trifluoroiodomethane,2314-97-8,https://webbook.nist.gov/cgi/cbook.cgi?ID=C2314978&Mask=1,-589.11,"Chase, 1998",Trifluoromethyl radical,2264-21-3,https://webbook.nist.gov/cgi/cbook.cgi?ID=C2264213&Mask=1,-470.28,"Chase, 1998",Iodine atom,14362-44-8,https://webbook.nist.gov/cgi/cbook.cgi?ID=C14362448&Mask=1,106.76,"Cox, Wagman, et al., 1984",225.59,ok,
CCl3-Cl,CCl4 → CCl3• + Cl•,Tetrachloromethane,56-23-5,https://webbook.nist.gov/cgi/cbook.cgi?ID=C56235&Mask=1,-100.0,N/A,Trichloromethyl radical,3170-18-1,https://webbook.nist.gov/cgi/cbook.cgi?ID=C3170181&Mask=1,,,Chlorine atom,22537-15-1,https://webbook.nist.gov/cgi/cbook.cgi?ID=C22537151&Mask=1,121.301,"Cox, Wagman, et al., 1984",,unavailable_all,Sem dados (NIST WebBook + CCCBDB): ΔfH°(Trichloromethyl radical)
CHF2-H,CH2F2 → CHF2• + H•,Difluoromethane,75-10-5,https://webbook.nist.gov/cgi/cbook.cgi?ID=C75105&Mask=1,-450.66,"Chase, 1998",Difluoromethyl radical,4966-15-8,https://webbook.nist.gov/cgi/cbook.cgi?ID=C4966158&Mask=1,,,Hydrogen atom,12385-13-6,https://webbook.nist.gov/cgi/cbook.cgi?ID=C12385136&Mask=1,217.998,"Cox, Wagman, et al., 1984",,unavailable_all,Sem dados (NIST WebBook + CCCBDB): ΔfH°(Difluoromethyl radical)
CH2F-H,CH3F → CH2F• + H•,Fluoromethane,593-53-3,https://webbook.nist.gov/cgi/cbook.cgi?ID=C593533&Mask=1,-234.3,"Chase, 1998",Fluoromethyl radical,6925-28-6,https://webbook.nist.gov/cgi/cbook.cgi?ID=C6925286&Mask=1,,,Hydrogen atom,12385-13-6,https://webbook.nist.gov/cgi/cbook.cgi?ID=C12385136&Mask=1,217.998,"Cox, Wagman, et al., 1984",,unavailable_all,Sem dados (NIST WebBook + CCCBDB): ΔfH°(Fluoromethyl radical)
C-N,CH3NH2 → CH3• + NH2•,Methylamine,74-89-5,https://webbook.nist.gov/cgi/cbook.cgi?ID=C74895&Mask=1,-23.5,"Aston, Siller, et al., 1937",Methyl radical,2229-07-4,https://webbook.nist.gov/cgi/cbook.cgi?ID=C2229074&Mask=1,145.69,"Chase, 1998",Amino radical,13770-40-6,https://webbook.nist.gov/cgi/cbook.cgi?ID=C13770406&Mask=1,190.37,"Chase, 1998",359.56,ok,
C-O,CH3OH → CH3• + OH•,Methanol,67-56-1,https://webbook.nist.gov/cgi/cbook.cgi?ID=C67561&Mask=1,-205.0,N/A,Methyl radical,2229-07-4,https://webbook.nist.gov/cgi/cbook.cgi?ID=C2229074&Mask=1,145.69,"Chase, 1998",Hydroxyl radical,3352-57-6,https://webbook.nist.gov/cgi/cbook.cgi?ID=C3352576&Mask=1,38.99,"Chase, 1998",389.68,ok,
C-S,CH3SH → CH3• + SH•,Methanethiol,74-93-1,https://webbook.nist.gov/cgi/cbook.cgi?ID=C74931&Mask=1,-22.8,"Good, Lacina, et al., 1961",Methyl radical,2229-07-4,https://webbook.nist.gov/cgi/cbook.cgi?ID=C2229074&Mask=1,145.69,"Chase, 1998",Mercapto radical,13940-21-1,https://webbook.nist.gov/cgi/cbook.cgi?ID=C13940211&Mask=1,139.33,"Chase, 1998",307.82,ok,
C-P,CH3PH2 → CH3• + PH2•,Methylphosphine,593-54-4,https://webbook.nist.gov/cgi/cbook.cgi?ID=C593544&Mask=1,,,Methyl radical,2229-07-4,https://webbook.nist.gov/cgi/cbook.cgi?ID=C2229074&Mask=1,145.69,"Chase, 1998",Phosphino radical,13765-44-1,https://webbook.nist.gov/cgi/cbook.cgi?ID=C13765441&Mask=1,,,,unavailable_all,"Sem dados (NIST WebBook + CCCBDB): ΔfH°(Methylphosphine), ΔfH°(Phosphino radical)"
C-Si,CH3SiH3 → CH3• + SiH3•,Methylsilane,992-94-9,https://webbook.nist.gov/cgi/cbook.cgi?ID=C992949&Mask=1,,,Methyl radical,2229-07-4,https://webbook.nist.gov/cgi/cbook.cgi?ID=C2229074&Mask=1,145.69,"Chase, 1998",Silyl radical,13765-44-1,https://webbook.nist.gov/cgi/cbook.cgi?ID=C13765441&Mask=1,,,,unavailable_all,"Sem dados (NIST WebBook + CCCBDB): ΔfH°(Methylsilane), ΔfH°(Silyl radical)"
N-N,N2H4 → 2 NH2•,Hydrazine,302-01-2,https://webbook.nist.gov/cgi/cbook.cgi?ID=C302012&Mask=1,95.35,"Chase, 1998",Amino radical,13770-40-6,https://webbook.nist.gov/cgi/cbook.cgi?ID=C13770406&Mask=1,190.37,"Chase, 1998",Amino radical,13770-40-6,https://webbook.nist.gov/cgi/cbook.cgi?ID=C13770406&Mask=1,190.37,"Chase, 1998",285.39,ok,
N-O,NH2OH → NH2• + OH•,Hydroxylamine,7803-49-8,https://webbook.nist.gov/cgi/cbook.cgi?ID=C7803498&Mask=1,,,Amino radical,13770-40-6,https://webbook.nist.gov/cgi/cbook.cgi?ID=C13770406&Mask=1,190.37,"Chase, 1998",Hydroxyl radical,3352-57-6,https://webbook.nist.gov/cgi/cbook.cgi?ID=C3352576&Mask=1,38.99,"Chase, 1998",,unavailable_all,Sem dados (NIST WebBook + CCCBDB): ΔfH°(Hydroxylamine)
N-F,NF3 → NF2• + F•,Nitrogen trifluoride,7783-54-2,https://webbook.nist.gov/cgi/cbook.cgi?ID=C7783542&Mask=1,-132.09,"Chase, 1998",Difluoroamino radical,38070-94-9,https://webbook.nist.gov/cgi/cbook.cgi?ID=C38070949&Mask=1,,,Fluorine atom,14762-94-8,https://webbook.nist.gov/cgi/cbook.cgi?ID=C14762948&Mask=1,79.38,"Cox, Wagman, et al., 1984",,unavailable_all,Sem dados (NIST WebBook + CCCBDB): ΔfH°(Difluoroamino radical)
N-Cl,NH2Cl → NH2• + Cl•,Chloramine,10599-90-3,https://webbook.nist.gov/cgi/cbook.cgi?ID=C10599903&Mask=1,,,Amino radical,13770-40-6,https://webbook.nist.gov/cgi/cbook.cgi?ID=C13770406&Mask=1,190.37,"Chase, 1998",Chlorine atom,22537-15-1,https://webbook.nist.gov/cgi/cbook.cgi?ID=C22537151&Mask=1,121.301,"Cox, Wagman, et al., 1984",,unavailable_all,Sem dados (NIST WebBook + CCCBDB): ΔfH°(Chloramine)
N=O,NO → N• + O•,Nitric oxide,10102-43-9,https://webbook.nist.gov/cgi/cbook.cgi?ID=C10102439&Mask=1,90.29,"Chase, 1998",Nitrogen atom,17778-88-0,https://webbook.nist.gov/cgi/cbook.cgi?ID=C17778880&Mask=1,472.68,"Cox, Wagman, et al., 1984",Oxygen atom,17778-80-2,https://webbook.nist.gov/cgi/cbook.cgi?ID=C17778802&Mask=1,249.18,"Cox, Wagman, et al., 1984",631.57,ok,
N#N,N2 → 2 N•,Dinitrogen,7727-37-9,https://webbook.nist.gov/cgi/cbook.cgi?ID=C7727379&Mask=1,0.0,definição IUPAC/CODATA — elemento no estado padrão,Nitrogen atom,17778-88-0,https://webbook.nist.gov/cgi/cbook.cgi?ID=C17778880&Mask=1,472.68,"Cox, Wagman, et al., 1984",Nitrogen atom,17778-88-0,https://webbook.nist.gov/cgi/cbook.cgi?ID=C17778880&Mask=1,472.68,"Cox, Wagman, et al., 1984",945.36,ok,
O-O,H2O2 → 2 OH•,Hydrogen peroxide,7722-84-1,https://webbook.nist.gov/cgi/cbook.cgi?ID=C7722841&Mask=1,-136.11,"Chase, 1998",Hydroxyl radical,3352-57-6,https://webbook.nist.gov/cgi/cbook.cgi?ID=C3352576&Mask=1,38.99,"Chase, 1998",Hydroxyl radical,3352-57-6,https://webbook.nist.gov/cgi/cbook.cgi?ID=C3352576&Mask=1,38.99,"Chase, 1998",214.09,ok,
O-F,OF2 → FO• + F•,Oxygen difluoride,7783-41-7,https://webbook.nist.gov/cgi/cbook.cgi?ID=C7783417&Mask=1,24.52,"Chase, 1998",Fluorooxy radical,14696-98-1,https://webbook.nist.gov/cgi/cbook.cgi?ID=C14696981&Mask=1,,,Fluorine atom,14762-94-8,https://webbook.nist.gov/cgi/cbook.cgi?ID=C14762948&Mask=1,79.38,"Cox, Wagman, et al., 1984",,unavailable_all,Sem dados (NIST WebBook + CCCBDB): ΔfH°(Fluorooxy radical)
O-Cl,HOCl → OH• + Cl•,Hypochlorous acid,7790-92-3,https://webbook.nist.gov/cgi/cbook.cgi?ID=C7790923&Mask=1,-74.48,"Chase, 1998",Hydroxyl radical,3352-57-6,https://webbook.nist.gov/cgi/cbook.cgi?ID=C3352576&Mask=1,38.99,"Chase, 1998",Chlorine atom,22537-15-1,https://webbook.nist.gov/cgi/cbook.cgi?ID=C22537151&Mask=1,121.301,"Cox, Wagman, et al., 1984",234.77,ok,
O=O,O2 → 2 O•,Oxygen,7782-44-7,https://webbook.nist.gov/cgi/cbook.cgi?ID=C7782447&Mask=1,0.0,definição IUPAC/CODATA — elemento no estado padrão,Oxygen atom,17778-80-2,https://webbook.nist.gov/cgi/cbook.cgi?ID=C17778802&Mask=1,249.18,"Cox, Wagman, et al., 1984",Oxygen atom,17778-80-2,https://webbook.nist.gov/cgi/cbook.cgi?ID=C17778802&Mask=1,249.18,"Cox, Wagman, et al., 1984",498.36,ok,
S-S,H2S2 → 2 SH•,Disulfane,13465-07-1,https://webbook.nist.gov/cgi/cbook.cgi?ID=C13465071&Mask=1,,,Mercapto radical,13940-21-1,https://webbook.nist.gov/cgi/cbook.cgi?ID=C13940211&Mask=1,139.33,"Chase, 1998",Mercapto radical,13940-21-1,https://webbook.nist.gov/cgi/cbook.cgi?ID=C13940211&Mask=1,139.33,"Chase, 1998",,unavailable_all,Sem dados (NIST WebBook + CCCBDB): ΔfH°(Disulfane)
S-F,SF6 → SF5• + F•,Sulfur hexafluoride,2551-62-4,https://webbook.nist.gov/cgi/cbook.cgi?ID=C2551624&Mask=1,-1220.47,"Chase, 1998",Pentafluorosulfanyl radical,30540-36-4,https://webbook.nist.gov/cgi/cbook.cgi?ID=C30540364&Mask=1,,,Fluorine atom,14762-94-8,https://webbook.nist.gov/cgi/cbook.cgi?ID=C14762948&Mask=1,79.38,"Cox, Wagman, et al., 1984",,unavailable_all,Sem dados (NIST WebBook + CCCBDB): ΔfH°(Pentafluorosulfanyl radical)
S-Cl,SCl2 → SCl• + Cl•,Sulfur dichloride,10545-99-0,https://webbook.nist.gov/cgi/cbook.cgi?ID=C10545990&Mask=1,-17.57,"Chase, 1998",Chlorosulfanyl radical,13812-43-6,https://webbook.nist.gov/cgi/cbook.cgi?ID=C13812436&Mask=1,68.62,"Chase, 1998",Chlorine atom,22537-15-1,https://webbook.nist.gov/cgi/cbook.cgi?ID=C22537151&Mask=1,121.301,"Cox, Wagman, et al., 1984",207.49,ok,
S=O,SO2 → SO• + O•,Sulfur dioxide,7446-09-5,https://webbook.nist.gov/cgi/cbook.cgi?ID=C7446095&Mask=1,-296.81,"Cox, Wagman, et al., 1984",Sulfonyl radical,13455-04-4,https://webbook.nist.gov/cgi/cbook.cgi?ID=C13455044&Mask=1,,,Oxygen atom,17778-80-2,https://webbook.nist.gov/cgi/cbook.cgi?ID=C17778802&Mask=1,249.18,"Cox, Wagman, et al., 1984",,unavailable_all,Sem dados (NIST WebBook + CCCBDB): ΔfH°(Sulfonyl radical)
Si-Si,Si2H6 → 2 SiH3•,Disilane,1590-87-0,https://webbook.nist.gov/cgi/cbook.cgi?ID=C1590870&Mask=1,,,Silyl radical,13765-44-1,https://webbook.nist.gov/cgi/cbook.cgi?ID=C13765441&Mask=1,,,Silyl radical,13765-44-1,https://webbook.nist.gov/cgi/cbook.cgi?ID=C13765441&Mask=1,,,,unavailable_all,"Sem dados (NIST WebBook + CCCBDB): ΔfH°(Disilane), ΔfH°(Silyl radical), ΔfH°(Silyl radical)"
Si-O,SiH3OH → SiH3• + OH•,Dihydroxysilane,13598-38-4,https://webbook.nist.gov/cgi/cbook.cgi?ID=C13598384&Mask=1,,,Silyl radical,13765-44-1,https://webbook.nist.gov/cgi/cbook.cgi?ID=C13765441&Mask=1,,,Hydroxyl radical,3352-57-6,https://webbook.nist.gov/cgi/cbook.cgi?ID=C3352576&Mask=1,38.99,"Chase, 1998",,unavailable_all,"Sem dados (NIST WebBook + CCCBDB): ΔfH°(Dihydroxysilane), ΔfH°(Silyl radical)"
Si-F,SiF4 → SiF3• + F•,Tetrafluorosilane,7783-61-1,https://webbook.nist.gov/cgi/cbook.cgi?ID=C7783611&Mask=1,-1615.0,"Cox, Wagman, et al., 1984",Trifluorosilyl radical,15599-89-0,https://webbook.nist.gov/cgi/cbook.cgi?ID=C15599890&Mask=1,,,Fluorine atom,14762-94-8,https://webbook.nist.gov/cgi/cbook.cgi?ID=C14762948&Mask=1,79.38,"Cox, Wagman, et al., 1984",,unavailable_all,Sem dados (NIST WebBook + CCCBDB): ΔfH°(Trifluorosilyl radical)
Si-Cl,SiCl4 → SiCl3• + Cl•,Tetrachlorosilane,10026-04-7,https://webbook.nist.gov/cgi/cbook.cgi?ID=C10026047&Mask=1,-662.75,"Chase, 1998",Trichlorosilyl radical,13566-47-7,https://webbook.nist.gov/cgi/cbook.cgi?ID=C13566477&Mask=1,,,Chlorine atom,22537-15-1,https://webbook.nist.gov/cgi/cbook.cgi?ID=C22537151&Mask=1,121.301,"Cox, Wagman, et al., 1984",,unavailable_all,Sem dados (NIST WebBook + CCCBDB): ΔfH°(Trichlorosilyl radical)
P-P,P2H4 → 2 PH2•,Diphosphine,13445-50-6,https://webbook.nist.gov/cgi/cbook.cgi?ID=C13445506&Mask=1,,,Phosphino radical,13765-44-1,https://webbook.nist.gov/cgi/cbook.cgi?ID=C13765441&Mask=1,,,Phosphino radical,13765-44-1,https://webbook.nist.gov/cgi/cbook.cgi?ID=C13765441&Mask=1,,,,unavailable_all,"Sem dados (NIST WebBook + CCCBDB): ΔfH°(Diphosphine), ΔfH°(Phosphino radical), ΔfH°(Phosphino radical)"
P-F,PF3 → PF2• + F•,Phosphorus trifluoride,7783-55-3,https://webbook.nist.gov/cgi/cbook.cgi?ID=C7783553&Mask=1,-958.44,"Chase, 1998",Difluorophosphino radical,16302-12-4,https://webbook.nist.gov/cgi/cbook.cgi?ID=C16302124&Mask=1,,,Fluorine atom,14762-94-8,https://webbook.nist.gov/cgi/cbook.cgi?ID=C14762948&Mask=1,79.38,"Cox, Wagman, et al., 1984",,unavailable_all,Sem dados (NIST WebBook + CCCBDB): ΔfH°(Difluorophosphino radical)
P-Cl,PCl3 → PCl2• + Cl•,Phosphorus trichloride,7719-12-2,https://webbook.nist.gov/cgi/cbook.cgi?ID=C7719122&Mask=1,-288.7,"Chase, 1998",Dichlorophosphino radical,26299-93-6,https://webbook.nist.gov/cgi/cbook.cgi?ID=C26299936&Mask=1,,,Chlorine atom,22537-15-1,https://webbook.nist.gov/cgi/cbook.cgi?ID=C22537151&Mask=1,121.301,"Cox, Wagman, et al., 1984",,unavailable_all,Sem dados (NIST WebBook + CCCBDB): ΔfH°(Dichlorophosphino radical)
P=O,POCl3 → POCl2• + Cl•,Phosphoryl chloride,10025-87-3,https://webbook.nist.gov/cgi/cbook.cgi?ID=C10025873&Mask=1,-559.82,"Chase, 1998",Phosphonyl dichloride,51649-82-2,https://webbook.nist.gov/cgi/cbook.cgi?ID=C51649822&Mask=1,,,Chlorine atom,22537-15-1,https://webbook.nist.gov/cgi/cbook.cgi?ID=C22537151&Mask=1,121.301,"Cox, Wagman, et al., 1984",,unavailable_all,Sem dados (NIST WebBook + CCCBDB): ΔfH°(Phosphonyl dichloride)
F-F,F2 → 2 F•,Fluorine,7782-41-4,https://webbook.nist.gov/cgi/cbook.cgi?ID=C7782414&Mask=1,0.0,definição IUPAC/CODATA — elemento no estado padrão,Fluorine atom,14762-94-8,https://webbook.nist.gov/cgi/cbook.cgi?ID=C14762948&Mask=1,79.38,"Cox, Wagman, et al., 1984",Fluorine atom,14762-94-8,https://webbook.nist.gov/cgi/cbook.cgi?ID=C14762948&Mask=1,79.38,"Cox, Wagman, et al., 1984",158.76,ok,
Cl-Cl,Cl2 → 2 Cl•,Chlorine,7782-50-5,https://webbook.nist.gov/cgi/cbook.cgi?ID=C7782505&Mask=1,0.0,definição IUPAC/CODATA — elemento no estado padrão,Chlorine atom,22537-15-1,https://webbook.nist.gov/cgi/cbook.cgi?ID=C22537151&Mask=1,121.301,"Cox, Wagman, et al., 1984",Chlorine atom,22537-15-1,https://webbook.nist.gov/cgi/cbook.cgi?ID=C22537151&Mask=1,121.301,"Cox, Wagman, et al., 1984",242.6,ok,
Br-Br,Br2 → 2 Br•,Bromine,7726-95-6,https://webbook.nist.gov/cgi/cbook.cgi?ID=C7726956&Mask=1,30.91,"Cox, Wagman, et al., 1984",Bromine atom,10097-32-2,https://webbook.nist.gov/cgi/cbook.cgi?ID=C10097322&Mask=1,111.87,"Cox, Wagman, et al., 1984",Bromine atom,10097-32-2,https://webbook.nist.gov/cgi/cbook.cgi?ID=C10097322&Mask=1,111.87,"Cox, Wagman, et al., 1984",192.83,ok,
I-I,I2 → 2 I•,Iodine,7553-56-2,https://webbook.nist.gov/cgi/cbook.cgi?ID=C7553562&Mask=1,62.42,"Cox, Wagman, et al., 1984",Iodine atom,14362-44-8,https://webbook.nist.gov/cgi/cbook.cgi?ID=C14362448&Mask=1,106.76,"Cox, Wagman, et al., 1984",Iodine atom,14362-44-8,https://webbook.nist.gov/cgi/cbook.cgi?ID=C14362448&Mask=1,106.76,"Cox, Wagman, et al., 1984",151.1,ok,
Cl-F,ClF → Cl• + F•,Chlorine monofluoride,7790-89-8,https://webbook.nist.gov/cgi/cbook.cgi?ID=C7790898&Mask=1,-50.29,"Chase, 1998",Chlorine atom,22537-15-1,https://webbook.nist.gov/cgi/cbook.cgi?ID=C22537151&Mask=1,121.301,"Cox, Wagman, et al., 1984",Fluorine atom,14762-94-8,https://webbook.nist.gov/cgi/cbook.cgi?ID=C14762948&Mask=1,79.38,"Cox, Wagman, et al., 1984",250.97,ok,
Br-F,BrF → Br• + F•,Bromine monofluoride,13863-59-7,https://webbook.nist.gov/cgi/cbook.cgi?ID=C13863597&Mask=1,-58.46,"Chase, 1998",Bromine atom,10097-32-2,https://webbook.nist.gov/cgi/cbook.cgi?ID=C10097322&Mask=1,111.87,"Cox, Wagman, et al., 1984",Fluorine atom,14762-94-8,https://webbook.nist.gov/cgi/cbook.cgi?ID=C14762948&Mask=1,79.38,"Cox, Wagman, et al., 1984",249.71,ok,
Br-Cl,BrCl → Br• + Cl•,Bromine monochloride,13863-41-7,https://webbook.nist.gov/cgi/cbook.cgi?ID=C13863417&Mask=1,14.64,"Chase, 1998",Bromine atom,10097-32-2,https://webbook.nist.gov/cgi/cbook.cgi?ID=C10097322&Mask=1,111.87,"Cox, Wagman, et al., 1984",Chlorine atom,22537-15-1,https://webbook.nist.gov/cgi/cbook.cgi?ID=C22537151&Mask=1,121.301,"Cox, Wagman, et al., 1984",218.53,ok,
I-F,IF → I• + F•,Iodine monofluoride,13873-84-2,https://webbook.nist.gov/cgi/cbook.cgi?ID=C13873842&Mask=1,-94.76,"Chase, 1998",Iodine atom,14362-44-8,https://webbook.nist.gov/cgi/cbook.cgi?ID=C14362448&Mask=1,106.76,"Cox, Wagman, et al., 1984",Fluorine atom,14762-94-8,https://webbook.nist.gov/cgi/cbook.cgi?ID=C14762948&Mask=1,79.38,"Cox, Wagman, et al., 1984",280.9,ok,
I-Cl,ICl → I• + Cl•,Iodine monochloride,7790-99-0,https://webbook.nist.gov/cgi/cbook.cgi?ID=C7790990&Mask=1,17.51,"Chase, 1998",Iodine atom,14362-44-8,https://webbook.nist.gov/cgi/cbook.cgi?ID=C14362448&Mask=1,106.76,"Cox, Wagman, et al., 1984",Chlorine atom,22537-15-1,https://webbook.nist.gov/cgi/cbook.cgi?ID=C22537151&Mask=1,121.301,"Cox, Wagman, et al., 1984",210.55,ok,
I-Br,IBr → I• + Br•,Iodine monobromide,7789-33-5,https://webbook.nist.gov/cgi/cbook.cgi?ID=C7789335&Mask=1,40.88,"Chase, 1998",Iodine atom,14362-44-8,https://webbook.nist.gov/cgi/cbook.cgi?ID=C14362448&Mask=1,106.76,"Cox, Wagman, et al., 1984",Bromine atom,10097-32-2,https://webbook.nist.gov/cgi/cbook.cgi?ID=C10097322&Mask=1,111.87,"Cox, Wagman, et al., 1984",177.75,ok,
C=O-ALDEHYDE,CH3CHO → CH3CO• + H•,Acetaldehyde,75-07-0,https://webbook.nist.gov/cgi/cbook.cgi?ID=C75070&Mask=1,-170.7,"Wiberg, Crocker, et al., 1991",Acetyl radical,3170-69-2,https://webbook.nist.gov/cgi/cbook.cgi?ID=C3170692&Mask=1,-12.0,"Tsang, 1996",Hydrogen atom,12385-13-6,https://webbook.nist.gov/cgi/cbook.cgi?ID=C12385136&Mask=1,217.998,"Cox, Wagman, et al., 1984",376.7,ok,
C=O-KETONE,CH3COCH3 → CH3COCH2• + H•,Acetone,67-64-1,https://webbook.nist.gov/cgi/cbook.cgi?ID=C67641&Mask=1,-218.5,"Wiberg, Crocker, et al., 1991",Acetonyl radical,3180-41-2,https://webbook.nist.gov/cgi/cbook.cgi?ID=C3180412&Mask=1,,,Hydrogen atom,12385-13-6,https://webbook.nist.gov/cgi/cbook.cgi?ID=C12385136&Mask=1,217.998,"Cox, Wagman, et al., 1984",,unavailable_all,Sem dados (NIST WebBook + CCCBDB): ΔfH°(Acetonyl radical)
C=O-ACID,CH3COOH → CH3COO• + H•,Acetic acid,64-19-7,https://webbook.nist.gov/cgi/cbook.cgi?ID=C64197&Mask=1,-433.0,N/A,Carboxyl radical,18492-38-1,https://webbook.nist.gov/cgi/cbook.cgi?ID=C18492381&Mask=1,,,Hydrogen atom,12385-13-6,https://webbook.nist.gov/cgi/cbook.cgi?ID=C12385136&Mask=1,217.998,"Cox, Wagman, et al., 1984",,unavailable_all,Sem dados (NIST WebBook + CCCBDB): ΔfH°(Carboxyl radical)
C-O-ESTER,CH3COOCH3 → CH3O• + CH3CO•,Methyl acetate,79-20-9,https://webbook.nist.gov/cgi/cbook.cgi?ID=C79209&Mask=1,-410.0,"Hall and Baldt, 1971",Methoxy radical,2143-68-2,https://webbook.nist.gov/cgi/cbook.cgi?ID=C2143682&Mask=1,17.0,"Tsang, 1996",Acetyl radical,3170-69-2,https://webbook.nist.gov/cgi/cbook.cgi?ID=C3170692&Mask=1,-12.0,"Tsang, 1996",415.0,ok,
C=O-FORMALDEHYDE,H2CO → HCO• + H•,Formaldehyde,50-00-0,https://webbook.nist.gov/cgi/cbook.cgi?ID=C50000&Mask=1,-115.9,"Chase, 1998",Formyl radical,2122-46-5,https://webbook.nist.gov/cgi/cbook.cgi?ID=C2122465&Mask=1,54.0,"Tsang, 1996",Hydrogen atom,12385-13-6,https://webbook.nist.gov/cgi/cbook.cgi?ID=C12385136&Mask=1,217.998,"Cox, Wagman, et al., 1984",387.9,ok,
C=O-FORMIC,HCOOH → HCO• + OH•,Formic acid,64-18-6,https://webbook.nist.gov/cgi/cbook.cgi?ID=C64186&Mask=1,-378.6,"Guthrie, 1974",Formyl radical,2122-46-5,https://webbook.nist.gov/cgi/cbook.cgi?ID=C2122465&Mask=1,54.0,"Tsang, 1996",Hydroxyl radical,3352-57-6,https://webbook.nist.gov/cgi/cbook.cgi?ID=C3352576&Mask=1,38.99,"Chase, 1998",471.59,ok,
C=O-PROPANAL,C2H5CHO → C2H5CO• + H•,Propanal,123-38-6,https://webbook.nist.gov/cgi/cbook.cgi?ID=C123386&Mask=1,-188.7,"Wiberg, Crocker, et al., 1991",Propionyl radical,17994-23-3,https://webbook.nist.gov/cgi/cbook.cgi?ID=C17994233&Mask=1,,,Hydrogen atom,12385-13-6,https://webbook.nist.gov/cgi/cbook.cgi?ID=C12385136&Mask=1,217.998,"Cox, Wagman, et al., 1984",,unavailable_all,Sem dados (NIST WebBook + CCCBDB): ΔfH°(Propionyl radical)
C-O-METHOXY,CH3OCH3 → CH3• + CH3O•,Dimethyl ether,115-10-6,https://webbook.nist.gov/cgi/cbook.cgi?ID=C115106&Mask=1,-184.1,"Pilcher, Pell, et al., 1964",Methyl radical,2229-07-4,https://webbook.nist.gov/cgi/cbook.cgi?ID=C2229074&Mask=1,145.69,"Chase, 1998",Methoxy radical,2143-68-2,https://webbook.nist.gov/cgi/cbook.cgi?ID=C2143682&Mask=1,17.0,"Tsang, 1996",346.79,ok,
C-O-ETHOXY,C2H5OC2H5 → C2H5• + C2H5O•,Diethyl ether,60-29-7,https://webbook.nist.gov/cgi/cbook.cgi?ID=C60297&Mask=1,-252.7,"Pihlaja and Heikkil, 1968",Ethyl radical,2025-56-1,https://webbook.nist.gov/cgi/cbook.cgi?ID=C2025561&Mask=1,119.0,"Tsang, 1996",Ethoxy radical,3031-74-1,https://webbook.nist.gov/cgi/cbook.cgi?ID=C3031741&Mask=1,-210.0,"Stathis and Egerton, 1940",161.7,ok,
AR-C-H,C6H6 → C6H5• + H•,Benzene,71-43-2,https://webbook.nist.gov/cgi/cbook.cgi?ID=C71432&Mask=1,82.9,"Roux, Temprado, et al., 2008",Phenyl radical,2396-01-2,https://webbook.nist.gov/cgi/cbook.cgi?ID=C2396012&Mask=1,339.0,"Tsang, 1996",Hydrogen atom,12385-13-6,https://webbook.nist.gov/cgi/cbook.cgi?ID=C12385136&Mask=1,217.998,"Cox, Wagman, et al., 1984",474.1,ok,
AR-C-OH,C6H5OH → C6H5O• + H•,Phenol,108-95-2,https://webbook.nist.gov/cgi/cbook.cgi?ID=C108952&Mask=1,-96.36,"Cox, 1961",Phenoxy radical,2122-46-5,https://webbook.nist.gov/cgi/cbook.cgi?ID=C2122465&Mask=1,54.0,"Tsang, 1996",Hydrogen atom,12385-13-6,https://webbook.nist.gov/cgi/cbook.cgi?ID=C12385136&Mask=1,217.998,"Cox, Wagman, et al., 1984",368.36,ok,
AR-C-NH2,C6H5NH2 → C6H5• + NH2•,Aniline,62-53-3,https://webbook.nist.gov/cgi/cbook.cgi?ID=C62533&Mask=1,87.03,"Hatton, Hildenbrand, et al., 1962",Phenyl radical,2396-01-2,https://webbook.nist.gov/cgi/cbook.cgi?ID=C2396012&Mask=1,339.0,"Tsang, 1996",Amino radical,13770-40-6,https://webbook.nist.gov/cgi/cbook.cgi?ID=C13770406&Mask=1,190.37,"Chase, 1998",442.34,ok,
AR-C-CH3,C6H5CH3 → C6H5CH2• + H•,Toluene,108-88-3,https://webbook.nist.gov/cgi/cbook.cgi?ID=C108883&Mask=1,50.1,"Roux, Temprado, et al., 2008",Benzyl radical,2154-56-5,https://webbook.nist.gov/cgi/cbook.cgi?ID=C2154565&Mask=1,207.0,"Tsang, 1996",Hydrogen atom,12385-13-6,https://webbook.nist.gov/cgi/cbook.cgi?ID=C12385136&Mask=1,217.998,"Cox, Wagman, et al., 1984",374.9,ok,
AR-N-H,C5H5N → C5H4N• + H•,Pyridine,110-86-1,https://webbook.nist.gov/cgi/cbook.cgi?ID=C110861&Mask=1,140.2,"Hubbard, Frow, et al., 1961",Pyridyl radical,71671-86-2,https://webbook.nist.gov/cgi/cbook.cgi?ID=C71671862&Mask=1,,,Hydrogen atom,12385-13-6,https://webbook.nist.gov/cgi/cbook.cgi?ID=C12385136&Mask=1,217.998,"Cox, Wagman, et al., 1984",,unavailable_all,Sem dados (NIST WebBook + CCCBDB): ΔfH°(Pyridyl radical)
AR-C-Cl,C6H5Cl → C6H5• + Cl•,Chlorobenzene,108-90-7,https://webbook.nist.gov/cgi/cbook.cgi?ID=C108907&Mask=1,54.42,"Platonov and Simulin, 1985",Phenyl radical,2396-01-2,https://webbook.nist.gov/cgi/cbook.cgi?ID=C2396012&Mask=1,339.0,"Tsang, 1996",Chlorine atom,22537-15-1,https://webbook.nist.gov/cgi/cbook.cgi?ID=C22537151&Mask=1,121.301,"Cox, Wagman, et al., 1984",405.88,ok,
AR-C-Br,C6H5Br → C6H5• + Br•,Bromobenzene,108-86-1,https://webbook.nist.gov/cgi/cbook.cgi?ID=C108861&Mask=1,,,Phenyl radical,2396-01-2,https://webbook.nist.gov/cgi/cbook.cgi?ID=C2396012&Mask=1,339.0,"Tsang, 1996",Bromine atom,10097-32-2,https://webbook.nist.gov/cgi/cbook.cgi?ID=C10097322&Mask=1,111.87,"Cox, Wagman, et al., 1984",,unavailable_all,Sem dados (NIST WebBook + CCCBDB): ΔfH°(Bromobenzene)
AR-C-F,C6H5F → C6H5• + F•,Fluorobenzene,462-06-6,https://webbook.nist.gov/cgi/cbook.cgi?ID=C462066&Mask=1,,,Phenyl radical,2396-01-2,https://webbook.nist.gov/cgi/cbook.cgi?ID=C2396012&Mask=1,339.0,"Tsang, 1996",Fluorine atom,14762-94-8,https://webbook.nist.gov/cgi/cbook.cgi?ID=C14762948&Mask=1,79.38,"Cox, Wagman, et al., 1984",,unavailable_all,Sem dados (NIST WebBook + CCCBDB): ΔfH°(Fluorobenzene)
AR-C-I,C6H5I → C6H5• + I•,Iodobenzene,591-50-4,https://webbook.nist.gov/cgi/cbook.cgi?ID=C591504&Mask=1,165.0,"Smith, 1956",Phenyl radical,2396-01-2,https://webbook.nist.gov/cgi/cbook.cgi?ID=C2396012&Mask=1,339.0,"Tsang, 1996",Iodine atom,14362-44-8,https://webbook.nist.gov/cgi/cbook.cgi?ID=C14362448&Mask=1,106.76,"Cox, Wagman, et al., 1984",280.76,ok,
NAPHTYL-H,C10H8 → C10H7• + H•,Naphthalene,91-20-3,https://webbook.nist.gov/cgi/cbook.cgi?ID=C91203&Mask=1,150.0,N/A,Naphthyl radical,13672-94-1,https://webbook.nist.gov/cgi/cbook.cgi?ID=C13672941&Mask=1,,,Hydrogen atom,12385-13-6,https://webbook.nist.gov/cgi/cbook.cgi?ID=C12385136&Mask=1,217.998,"Cox, Wagman, et al., 1984",,unavailable_all,Sem dados (NIST WebBook + CCCBDB): ΔfH°(Naphthyl radical)
C-N-PEPTIDE,NH2CH2COOH → NH2CH2• + COOH•,Glycine,56-40-6,https://webbook.nist.gov/cgi/cbook.cgi?ID=C56406&Mask=1,-390.5,"Ngauv, Sabbah, et al., 1977",Aminomethyl radical,24339-00-6,https://webbook.nist.gov/cgi/cbook.cgi?ID=C24339006&Mask=1,,,Carboxyl radical,18492-38-1,https://webbook.nist.gov/cgi/cbook.cgi?ID=C18492381&Mask=1,,,,unavailable_all,"Sem dados (NIST WebBook + CCCBDB): ΔfH°(Aminomethyl radical), ΔfH°(Carboxyl radical)"
N-N-DIAZO,CH2N2 → CHN2• + H•,Diazomethane,334-88-3,https://webbook.nist.gov/cgi/cbook.cgi?ID=C334883&Mask=1,215.0,"Laufer and Okabe, 1971",Diazomethyl radical,13874-02-5,https://webbook.nist.gov/cgi/cbook.cgi?ID=C13874025&Mask=1,,,Hydrogen atom,12385-13-6,https://webbook.nist.gov/cgi/cbook.cgi?ID=C12385136&Mask=1,217.998,"Cox, Wagman, et al., 1984",,unavailable_all,Sem dados (NIST WebBook + CCCBDB): ΔfH°(Diazomethyl radical)
C-NO2,CH3NO2 → CH3• + NO2•,Nitromethane,75-52-5,https://webbook.nist.gov/cgi/cbook.cgi?ID=C75525&Mask=1,-81.0,"Knobel, Miroshnichenko, et al., 1971",Methyl radical,2229-07-4,https://webbook.nist.gov/cgi/cbook.cgi?ID=C2229074&Mask=1,145.69,"Chase, 1998",Nitrogen dioxide,10102-44-0,https://webbook.nist.gov/cgi/cbook.cgi?ID=C10102440&Mask=1,33.1,"Chase, 1998",259.79,ok,
C-NO2-AR,C6H5NO2 → C6H5• + NO2•,Nitrobenzene,98-95-3,https://webbook.nist.gov/cgi/cbook.cgi?ID=C98953&Mask=1,68.53,"Lebedeva, Katin, et al., 1971",Phenyl radical,2396-01-2,https://webbook.nist.gov/cgi/cbook.cgi?ID=C2396012&Mask=1,339.0,"Tsang, 1996",Nitrogen dioxide,10102-44-0,https://webbook.nist.gov/cgi/cbook.cgi?ID=C10102440&Mask=1,33.1,"Chase, 1998",303.57,ok,
N-NO,N2O → N• + NO•,Dinitrogen monoxide,10024-97-2,https://webbook.nist.gov/cgi/cbook.cgi?ID=C10024972&Mask=1,82.05,"Chase, 1998",Nitrogen atom,17778-88-0,https://webbook.nist.gov/cgi/cbook.cgi?ID=C17778880&Mask=1,472.68,"Cox, Wagman, et al., 1984",Nitric oxide,10102-43-9,https://webbook.nist.gov/cgi/cbook.cgi?ID=C10102439&Mask=1,90.29,"Chase, 1998",480.92,ok,
C-NC,CH3NC → CH3• + CN•,Methyl isocyanide,593-75-9,https://webbook.nist.gov/cgi/cbook.cgi?ID=C593759&Mask=1,163.5,"Baghal-Vayjooee, Collister, et al., 1977",Methyl radical,2229-07-4,https://webbook.nist.gov/cgi/cbook.cgi?ID=C2229074&Mask=1,145.69,"Chase, 1998",Cyanide radical,2074-87-5,https://webbook.nist.gov/cgi/cbook.cgi?ID=C2074875&Mask=1,435.14,"Chase, 1998",417.33,ok,
C-CN,CH3CN → CH3• + CN•,Acetonitrile,75-05-8,https://webbook.nist.gov/cgi/cbook.cgi?ID=C75058&Mask=1,74.04,"An and Mansson, 1983",Methyl radical,2229-07-4,https://webbook.nist.gov/cgi/cbook.cgi?ID=C2229074&Mask=1,145.69,"Chase, 1998",Cyano radical,2074-87-5,https://webbook.nist.gov/cgi/cbook.cgi?ID=C2074875&Mask=1,435.14,"Chase, 1998",506.79,ok,
C-S-DISULFIDE,CH3SSCH3 → 2 CH3S•,Dimethyl disulfide,624-92-0,https://webbook.nist.gov/cgi/cbook.cgi?ID=C624920&Mask=1,-24.1,"Voronkov, Klyuchnikov, et al., 1989",Methylthio radical,13140-12-6,https://webbook.nist.gov/cgi/cbook.cgi?ID=C13140126&Mask=1,,,Methylthio radical,13140-12-6,https://webbook.nist.gov/cgi/cbook.cgi?ID=C13140126&Mask=1,,,,unavailable_all,"Sem dados (NIST WebBook + CCCBDB): ΔfH°(Methylthio radical), ΔfH°(Methylthio radical)"
C-S-THIOETHER,CH3SCH3 → CH3• + CH3S•,Dimethyl sulfide,75-18-3,https://webbook.nist.gov/cgi/cbook.cgi?ID=C75183&Mask=1,-37.5,"Voronkov, Klyuchnikov, et al., 1989",Methyl radical,2229-07-4,https://webbook.nist.gov/cgi/cbook.cgi?ID=C2229074&Mask=1,145.69,"Chase, 1998",Methylthio radical,13140-12-6,https://webbook.nist.gov/cgi/cbook.cgi?ID=C13140126&Mask=1,,,,unavailable_all,Sem dados (NIST WebBook + CCCBDB): ΔfH°(Methylthio radical)
Sn-C,Sn(CH3)4 → Sn(CH3)3• + CH3•,Tetramethyltin,594-27-4,https://webbook.nist.gov/cgi/cbook.cgi?ID=C594274&Mask=1,-20.0,N/A,Trimethyltin radical,17655-96-2,https://webbook.nist.gov/cgi/cbook.cgi?ID=C17655962&Mask=1,,,Methyl radical,2229-07-4,https://webbook.nist.gov/cgi/cbook.cgi?ID=C2229074&Mask=1,145.69,"Chase, 1998",,unavailable_all,Sem dados (NIST WebBook + CCCBDB): ΔfH°(Trimethyltin radical)
Ge-C,Ge(CH3)4 → Ge(CH3)3• + CH3•,Tetramethylgermane,865-52-1,https://webbook.nist.gov/cgi/cbook.cgi?ID=C865521&Mask=1,-72.8,Martinho Simões,Trimethylgermyl radical,52299-15-3,https://webbook.nist.gov/cgi/cbook.cgi?ID=C52299153&Mask=1,,,Methyl radical,2229-07-4,https://webbook.nist.gov/cgi/cbook.cgi?ID=C2229074&Mask=1,145.69,"Chase, 1998",,unavailable_all,Sem dados (NIST WebBook + CCCBDB): ΔfH°(Trimethylgermyl radical)
Pb-C,Pb(CH3)4 → Pb(CH3)3• + CH3•,Tetramethyllead,75-74-1,https://webbook.nist.gov/cgi/cbook.cgi?ID=C75741&Mask=1,136.1,Martinho Simões,Trimethylplumbyl radical,54576-57-7,https://webbook.nist.gov/cgi/cbook.cgi?ID=C54576577&Mask=1,,,Methyl radical,2229-07-4,https://webbook.nist.gov/cgi/cbook.cgi?ID=C2229074&Mask=1,145.69,"Chase, 1998",,unavailable_all,Sem dados (NIST WebBook + CCCBDB): ΔfH°(Trimethylplumbyl radical)
B-F,BF3 → BF2• + F•,Boron trifluoride,7637-07-2,https://webbook.nist.gov/cgi/cbook.cgi?ID=C7637072&Mask=1,-1136.0,"Cox, Wagman, et al., 1984",Difluoroboryl radical,16337-38-5,https://webbook.nist.gov/cgi/cbook.cgi?ID=C16337385&Mask=1,,,Fluorine atom,14762-94-8,https://webbook.nist.gov/cgi/cbook.cgi?ID=C14762948&Mask=1,79.38,"Cox, Wagman, et al., 1984",,unavailable_all,Sem dados (NIST WebBook + CCCBDB): ΔfH°(Difluoroboryl radical)
B-Cl,BCl3 → BCl2• + Cl•,Boron trichloride,10294-34-5,https://webbook.nist.gov/cgi/cbook.cgi?ID=C10294345&Mask=1,-402.96,"Chase, 1998",Dichloroboryl radical,16406-48-1,https://webbook.nist.gov/cgi/cbook.cgi?ID=C16406481&Mask=1,,,Chlorine atom,22537-15-1,https://webbook.nist.gov/cgi/cbook.cgi?ID=C22537151&Mask=1,121.301,"Cox, Wagman, et al., 1984",,unavailable_all,Sem dados (NIST WebBook + CCCBDB): ΔfH°(Dichloroboryl radical)
B-C,B(CH3)3 → B(CH3)2• + CH3•,Trimethylborane,593-90-8,https://webbook.nist.gov/cgi/cbook.cgi?ID=C593908&Mask=1,,,Dimethylboryl radical,64049-64-5,https://webbook.nist.gov/cgi/cbook.cgi?ID=C64049645&Mask=1,,,Methyl radical,2229-07-4,https://webbook.nist.gov/cgi/cbook.cgi?ID=C2229074&Mask=1,145.69,"Chase, 1998",,unavailable_all,"Sem dados (NIST WebBook + CCCBDB): ΔfH°(Trimethylborane), ΔfH°(Dimethylboryl radical)"
HOO-H,H2O2 → HOO• + H•,Hydrogen peroxide,7722-84-1,https://webbook.nist.gov/cgi/cbook.cgi?ID=C7722841&Mask=1,-136.11,"Chase, 1998",Hydroperoxyl radical,26762-93-6,https://webbook.nist.gov/cgi/cbook.cgi?ID=C26762936&Mask=1,,,Hydrogen atom,12385-13-6,https://webbook.nist.gov/cgi/cbook.cgi?ID=C12385136&Mask=1,217.998,"Cox, Wagman, et al., 1984",,unavailable_all,Sem dados (NIST WebBook + CCCBDB): ΔfH°(Hydroperoxyl radical)
CH3OO-H,CH3OOH → CH3OO• + H•,Methyl hydroperoxide,3031-73-0,https://webbook.nist.gov/cgi/cbook.cgi?ID=C3031730&Mask=1,-131.0,"Khursan and Martem'yanov, 1991",Methylperoxy radical,2143-55-7,https://webbook.nist.gov/cgi/cbook.cgi?ID=C2143557&Mask=1,,,Hydrogen atom,12385-13-6,https://webbook.nist.gov/cgi/cbook.cgi?ID=C12385136&Mask=1,217.998,"Cox, Wagman, et al., 1984",,unavailable_all,Sem dados (NIST WebBook + CCCBDB): ΔfH°(Methylperoxy radical)
CH3O-H,CH3OH → CH3O• + H•,Methanol,67-56-1,https://webbook.nist.gov/cgi/cbook.cgi?ID=C67561&Mask=1,-205.0,N/A,Methoxy radical,2143-68-2,https://webbook.nist.gov/cgi/cbook.cgi?ID=C2143682&Mask=1,17.0,"Tsang, 1996",Hydrogen atom,12385-13-6,https://webbook.nist.gov/cgi/cbook.cgi?ID=C12385136&Mask=1,217.998,"Cox, Wagman, et al., 1984",440.0,ok,
C2H5O-H,C2H5OH → C2H5O• + H•,Ethanol,64-17-5,https://webbook.nist.gov/cgi/cbook.cgi?ID=C64175&Mask=1,-234.0,N/A,Ethoxy radical,3031-74-1,https://webbook.nist.gov/cgi/cbook.cgi?ID=C3031741&Mask=1,-210.0,"Stathis and Egerton, 1940",Hydrogen atom,12385-13-6,https://webbook.nist.gov/cgi/cbook.cgi?ID=C12385136&Mask=1,217.998,"Cox, Wagman, et al., 1984",242.0,ok,
sec-C-H,C3H8 → i-C3H7• + H• (C–H sec),Propane,74-98-6,https://webbook.nist.gov/cgi/cbook.cgi?ID=C74986&Mask=1,-104.7,"Pittam and Pilcher, 1972",Isopropyl radical,2025-43-6,https://webbook.nist.gov/cgi/cbook.cgi?ID=C2025436&Mask=1,,,Hydrogen atom,12385-13-6,https://webbook.nist.gov/cgi/cbook.cgi?ID=C12385136&Mask=1,217.998,"Cox, Wagman, et al., 1984",,unavailable_all,Sem dados (NIST WebBook + CCCBDB): ΔfH°(Isopropyl radical)
tert-C-H,i-C4H10 → t-C4H9• + H• (C–H tert),Isobutane,75-28-5,https://webbook.nist.gov/cgi/cbook.cgi?ID=C75285&Mask=1,-134.2,"Pittam and Pilcher, 1972",tert-Butyl radical,1605-73-8,https://webbook.nist.gov/cgi/cbook.cgi?ID=C1605738&Mask=1,48.0,"Tsang, 1996",Hydrogen atom,12385-13-6,https://webbook.nist.gov/cgi/cbook.cgi?ID=C12385136&Mask=1,217.998,"Cox, Wagman, et al., 1984",400.2,ok,
allyl-C-H,CH2CHCH3 → CH2CHCH2• + H• (alílico),Propene,115-07-1,https://webbook.nist.gov/cgi/cbook.cgi?ID=C115071&Mask=1,20.41,"Furuyama, Golden, et al., 1969",Allyl radical,1981-80-2,https://webbook.nist.gov/cgi/cbook.cgi?ID=C1981802&Mask=1,171.0,"Tsang, 1996",Hydrogen atom,12385-13-6,https://webbook.nist.gov/cgi/cbook.cgi?ID=C12385136&Mask=1,217.998,"Cox, Wagman, et al., 1984",368.59,ok,
FURAN-C-H,C4H4O → C4H3O• + H•,Furan,110-00-9,https://webbook.nist.gov/cgi/cbook.cgi?ID=C110009&Mask=1,-27.7,"Zaheeruddin and Lodhi, 1991",Furanyl radical,31235-89-5,https://webbook.nist.gov/cgi/cbook.cgi?ID=C31235895&Mask=1,,,Hydrogen atom,12385-13-6,https://webbook.nist.gov/cgi/cbook.cgi?ID=C12385136&Mask=1,217.998,"Cox, Wagman, et al., 1984",,unavailable_all,Sem dados (NIST WebBook + CCCBDB): ΔfH°(Furanyl radical)
THIOPH-C-H,C4H4S → C4H3S• + H•,Thiophene,110-02-1,https://webbook.nist.gov/cgi/cbook.cgi?ID=C110021&Mask=1,218.4,"Zaheeruddin and Lodhi, 1991",Thienyl radical,24259-74-3,https://webbook.nist.gov/cgi/cbook.cgi?ID=C24259743&Mask=1,,,Hydrogen atom,12385-13-6,https://webbook.nist.gov/cgi/cbook.cgi?ID=C12385136&Mask=1,217.998,"Cox, Wagman, et al., 1984",,unavailable_all,Sem dados (NIST WebBook + CCCBDB): ΔfH°(Thienyl radical)
IMIDAZ-N-H,C3H4N2 → C3H3N2• + H•,Imidazole,288-32-4,https://webbook.nist.gov/cgi/cbook.cgi?ID=C288324&Mask=1,129.5,"Zaheeruddin and Lodhi, 1991",Imidazolyl radical,100518-09-6,https://webbook.nist.gov/cgi/cbook.cgi?ID=C100518096&Mask=1,,,Hydrogen atom,12385-13-6,https://webbook.nist.gov/cgi/cbook.cgi?ID=C12385136&Mask=1,217.998,"Cox, Wagman, et al., 1984",,unavailable_all,Sem dados (NIST WebBook + CCCBDB): ΔfH°(Imidazolyl radical)
